{"cameraMode":{"drawMode":0,"name":"Shaded","section":"Shading Mode"},"sceneLighting":true,"audioPlay":false,"sceneViewState":{"m_AlwaysRefresh":false,"showFog":true,"showSkybox":true,"showFlares":true,"showImageEffects":true,"showParticleSystems":true,"showVisualEffectGraphs":true,"m_FxEnabled":true},"in2DMode":false,"pivot":{"x":-44.33474349975586,"y":13.122774124145508,"z":-13.003742218017579},"rotation":{"x":-0.19978126883506776,"y":-0.7056489586830139,"z":0.21897344291210175,"w":-0.6437197327613831},"size":22.146331787109376,"orthographic":false}