{"cameraMode":{"drawMode":0,"name":"Shaded","section":"Shading Mode"},"sceneLighting":false,"audioPlay":false,"sceneViewState":{"m_AlwaysRefresh":false,"showFog":true,"showSkybox":false,"showFlares":true,"showImageEffects":true,"showParticleSystems":true,"showVisualEffectGraphs":true,"m_FxEnabled":true},"in2DMode":false,"pivot":{"x":0.07359810918569565,"y":2.2194082736968996,"z":-0.31692081689834597},"rotation":{"x":-0.05971905216574669,"y":-0.9259463548660278,"z":0.16504082083702088,"w":-0.3346916437149048},"size":2.2234702110290529,"orthographic":false}